ImageId,Extension
d5b62732a249f4abc356cf79f608f80dc51529b35be37ffc7991b7533f680869,jpeg
a198101168677e0f3be19cc550886ff9b33cb80ede5547638bd2bff4226fabff,png
9baaafca71deb819387ab602f596c83f1d8cd5055e3a9abadafbf55404aafc64,png
2cc0758176a90c6cb68191d1406f9a6a9c7ec03ba4b0633a821e478495fdafef,png
6107ba650a0187411a0695642cc26db7db4541fdc46223b4d147e27605491837,png
b94466e6c59f1c309b5cdcc675932ef523f149115098967b5693675d5619e28b,jpeg
79d509027b8418b00efa3210198e3325c98bf901cc28916552910ebe0cea73a7,jpeg
94682bf4eebc522a30a579b145500e7073a0e0d8804c56cb60d1cb82d273f5df,png
fa9a195772360effcc81e12e0a0fe370dacd86e4c8571f5589a911b8c9cbcffb,jpeg
927010c2fc03215571e96a1595b43dbfcd7abea577707815a212f4f6c10b5b74,jpeg
f0610e23e51dc54e74f27fe779029c8cfac93b445b3fbea73c55250c5a6d389e,jpeg
ea3b6a08a401108f91814ea005cc53f701d3b22f6af2e303417745ff0b6dd987,jpeg
ecb14aebb6d168449897f41d476eddc98e7c01cd4eb3a09a5158603e6d455e6f,jpeg
e390881baa23aa598f86e6473ea05d286598e15d7b76d4fd0b77cbeb29db2cd4,jpeg
902bf7e87338164029b2d826026c3d1ed157956ad9999f86acb96ad8ddf2a645,jpeg
bb45868e0ceb6663c7d29bddb9ef35cec60aad34faa08fdcdf8313f40c4be86b,jpeg
b7f20d159300b5996e5e5ce90fc693ce0a6400a34e0924fc5c5c52ea7440c8cb,jpeg
4654fa20bb7bd0c6f92a58ca0625ef2f640d7f9af8f48dc3f827fd076843f525,jpeg
79c540b95a8e922b917448f75d377e93cbef6c8f9687d52ef6abae31e0174812,jpeg
e8718000331ce8cd5984c960f51c00649bc1e9b72c197a9e6cf02463def154c8,png
ad5c6e65eac57606618e9e555b84cb3b668fc04ac88f89aa5da9e75e3b73dd6e,png
45ba38ca2089887ad1468d3258ef46d5eaa74e10cff984bb08a427ade4626cf2,png
9cf93da781d3527488529f26603f5498fa69d9a6d2b21a2674a09262fbed1f12,jpeg
8b75e185c42c80da9123233441aa5a2f57a07742dab3ac8b78b7c4a53934594e,jpeg
7ecaff401e0042536f23d5d4e2054f5de84e3cf4be26731dc0649db9ba9d4986,jpeg
7a47b6d50f5201c14625f856f3e0cf022caeaed06c85156e9976d055cb7f7d68,jpeg
964950aba92c39c51649eac460dabbda5cfc43aa4329117782d7fecada949c8c,jpeg
ad09c518b440dd66ed9881fb41e1eb179732d5c57c9286d66abee3925baa7b11,png
5c10bf8f5ab6f15a753bbb696bcb351d93aee70f02c927b0bca76a9f87a7c8c8,jpeg
3a98809f6b675822aafc0aaa36bc4ac440108320febdba7b390ed6252b315b4b,png
cf0f24736c70962f28b405b235556eb8f8ab27b482ced69f03c603edaf16c647,jpeg
a01f36293290043e847cc5981a18a4d8907726fba1ced2b7da209b8623d3c280,jpeg
6673f3b5ffded40ed1c3e4f3e8e271397b9da7c1618d5c73be2f851e67d66554,png
b65434f2b5ed11231633d9f21f270526f7b92cc15e82134180ecfa88c8df1b27,jpeg
9a30940068c25e79a8406d232c857c162b9e4a676e11927800ad54006fabfc18,jpeg
8938412604103ea19fe2fcb9624c5c5ed514877bd93625070cad739d7cf3dc55,jpeg
eb0276e1b6c21a4b79b5bf3d7d5365232da91668f65639f34dfedc72f5b52852,jpeg
bd60216bb0edc775a6ccea356ea2e35a2cdda0d4bf2faf3f2292aea5a0a8a73c,png
571395b69eddc003e07b8c55fd89b4fec5b5a20a88052c60ef8025208cf989dd,jpeg
a52c917261467b292142b7f2489d2543cf264369cb1fabca987f97cf4b3cc844,png
6a92a4e2b5c0f662b4988cca9316a871a414f8757cd6112c3574503e9899bce5,jpeg
68c803ee90e5fa912b0ec00cb2cd786aeb7f16c2b015c53c6a2cf0f4f9edec3b,jpeg
2035d4de9ca6419a3a48c70031276d955ff2ecbf18961fad19166ac8ee2fa04f,jpeg
a1dd21c39d47bdfc04b80acb4d751bf8a830f5b54a9c80e266eab68eb26541a1,png
3bca7d9cd74f1cf0b3c77a41379351ecc41124685ae893c919f782965246de5a,png
9fc8ccab699593a0101c05a67599da0c8165dc7c084671367d49ba4255c3085f,png
81c3ad5da11201be9e27b2f45345b390cd7e19d41ce543151373adba11355de4,jpeg
68ca41f54e452604faf196ae6ebc21ea38258d2624eb6445b7cdb015cc66bff5,png
256d133bbf1f8942a0e6e1391f0909646a4f1961f8100e0b54b8aa261ef5d600,jpeg
f8a7cac5df8322cb7d48fd4df6ac9edebb8c675d7ffee37bd26800ddbeae6a4d,jpeg
79d509027b8418b00efa3210198e3325c98bf901cc28916552910ebe0cea73a7,jpeg
b9f4a60602ce07558b29efcc63531aae2ba213a1caeb56b611af2d67eea6dd9b,jpeg
99a5471ed350174b8d8b284ebcefff4e15248f32755b599f0cecad1a0fbf3435,jpeg
6472162828b7bc5d077344e7e5f2e5e487f093af970b307cade71e722bd71bbd,jpeg
fbc8b72fcd7aac4f251449aa3740f36bccbe2aa00b1b8e2f27a6ee7e94ec1dbe,png
03a5a9855f74a702d9b27f5fa71590afa0ff0e5c63df59e7e2a29bcbac41ba12,jpeg
6ff4f8fd91c5e37a5abcefbba7a1e8e2c19aaf7c3b7ced1c9a95ef137fa6f1c7,png
dbaa208dde615f488384ff927c42ff38ad32bfac3b45d7b05445fc2fcb2fdd7c,png
7dfec078c028fdd7860bc3ea276d1d40b21993d42c8807debd02b954d5993b18,jpeg
8dc78568ee35a76b6e549287083332f7071c3afab4e70d5e02b01ba225279114,jpeg
62aa748d45e7f43c230cfba726b764f893a6ac08622b5d9ff9e336ca88f41971,png
19d0c24181b9e2d3690487a42467fb852814270f0fc4e152d87e28913ac123ac,jpeg
06cb00d6cb5cca120e83a3200dae7df16e377090aafcaf413f69d275d4b5d04b,png
1f8dd7c2b8bc30a122a1279bfdd44db9bc980edc5f4b02a2beef2ec0aeeaf600,jpeg
5acd9ce2ed5ceb06b62c0e0c010a0acc7cea5d80c52df965cb544058858111b2,png
02e9907381ace0f82f46e9e8292781274ad853a8a80d6ea3f5aced739f73fe5d,png
d7a95dad08e1aebcad8db3a9205dc74cee9ee873bd3c99b474dd6772215a2ec8,jpeg
7d6b4df33a9374d90f66f0e30d84f1c66ee2cd51dcff8731edccd5b90933d2a5,png
509732ba0577880ded568abca4f1d193ac082f3956bc96c521fc58fc3f7661e4,jpeg
e9f3e8a257fbaf69eda99b404f026179ab02a19a81e8409d78d83cd3959583b0,jpeg
bae3e0408308641581c2d04fc21b26066459fa19a013402fe0927e356fcd422c,jpeg
8ff2f1345a776bc09f3974b1ff5ed3934c03b9cf36bdbba1d78e18f4af11a195,png
cea1d40ca53846b50367397dddc544c2c32199e14052a96d6045203a2b3cf19e,jpeg
9258ab76355972032507eb2d65b8b2a9404f3f005e72f2920ecf4b807c247cd4,jpeg
2d601504eb5e33fc7748d61d12d5e25787208cacd08ac63f651713151e96aa46,jpeg
e76a0500529f86c2db435add5e3f4f312309b68a3b415f4648bef53749c503d9,jpeg
349fbf0dadda7f1a0c43b1eb744a719d02271f206ac6bb48f23a5f7d8519a21a,png
a10a805a6eec715322852a6131cc797040372cea0db54f894aab6834e7b07a74,png
208ed67e1019b9b112a39a47687ce892df9f3a41376e93e3784574a4aae84d8b,png
0f194fcd2720eab5611d3f77ea7ad6760366160989684abd42a365e6eabfa062,jpeg
ecea8758e86f6c89ab902ac64e6f231d6ee01fd07444073100cf602b70c3d20d,png
252b0919ff59bb4027bbfb350c89d52cce0718fa2dc03bb71240f0075e22ccef,jpeg
09fd1003330767998d8f788ea47142db947debf1ef95b3b5bc1db0f8954f5671,jpeg
f17d35cfdf34d5071754478ce531c6247fbd0f186f0a5e71ab61eea43ac3ab0e,jpeg
525956c3acb1e91cedd2b17a6fc4a7709ed2adee620bed1042b0e80f737120f1,png
03f38960d7e782f7ebe9759d099bf80fdf4c8ee54fb89f1f1e921f9e4aec6b64,jpeg
ea02a2dcbd3b0a672804dc36c636fccb6b97a418275cd542a127769ab7a186aa,jpeg
09e82674154b5aedc72d7d52a34a7e5779aab7184bc625d5580aa4c8a1dfa85d,jpeg
98dd9f4464d04df72114cd2a96f37002b791cd11943a5ac7d17e46df3554965c,png
32ff49ab53d8f4a7d66d8cf112fbb764a4ff75bdea7cf35d773b5794212e5b3a,png
ae34dc079487aff58182af651d4509cfb2d92d31e49743c672a15daf6d15907b,jpeg
ceee04b7473ed96a4de9a1efcc67c356f1ba04d68697953aaf47d3ca98d36c9d,jpeg
b44f46345d778512bad20df16cf1ac28233e830d4179b73bff01ec77932bd440,jpeg
1fd70ecb43c7499db41ef5f26399803a676127c3ea1cac5e53b918d92e670811,jpeg
5783435f49b5e34c917eea323dca54d561f20df92390899866898568699e623b,png
e894872c9e1c9c08237936fec50bb2fe405a0cfaf662e3172fd5ab8c0bc47645,jpeg
9195a196bb471d3893696d4c0ee6956c0c9485a1c1f93cab533e92ac81944210,png
5a0f8d2304bad8c88fc47ee52a6b43461895b0313206b68ba33d4616aa895166,png
f1f24c5aae0270bd5d5b4da1e4f460628f5c68a266e5ac799bb16132bfeb9f89,jpeg
56db32435a226d0883c54e8603b450bffd8b78f427d9e722ad32472cf77cb872,jpeg
cc3290e503a70a37a64a1ea4591f7dd0db8f6ca6d64392fb772ddee700b6e3d3,jpeg
752f333dbe7183de9ec6d845807af94f25be34fa774cff5eab98d5cacadd0064,png
cb8ce59f1c3f1e52c421e0bbe54c0fa4be408d8c087da738064f923576b6cddd,png
ebc28158c9c2ffb5c946498f5f7f8291739f964a0a97593fd7932307063d4161,png
edf813077304622c07e941788905c84620575b7ee0f33e0f8f47522564c6f171,jpeg
1f48e9d4b422f54d74621fa84707f223d4cd0b967b8b668632fb1fdbc88365b0,jpeg
47972f2c15309b60538da3f822b4ffde6d9f994fee72b00c86a153d5f305a328,png
3cb86a7e15a4ce8f283e6675be160455b1fd09a8080535d651ad0090a272c73d,jpeg
2fd2e05ffb2cb5c253ec0b41440a79d727f1e716f8dc321595ca83668d5f12db,jpeg
48a488d87cee0da19a9beeba4b42ff247123a83889a807955cb076a22837e63e,png
e0ba4d1cf9b6f9085dd94dca6853440dd6abc33dc6b290189628ef7909d05d0e,jpeg
eb44ca85320e4df641a649377af1c4f909b1f8ebf9a4c96852e97554e2077eb7,jpeg
09e4cf8581b5598a62aae8aac3f460b8acb4e80730486fc1e9146b3f664de34b,png
31c543dd8e2f55a8327e3f6f0127ddb87d9a8004f9a64a54daed0efc12e6f1cb,jpeg
eb13dd1badf78e5bb3b2a35e66571c1b309013a97744b641553ecfad9372ad65,jpeg
3583be4210d834963e53ccf4f5822933c73fb3e19bc57415d40d08dc57f70d4a,png
6d83d856a46a25b276653ce6837b7ee30b6439c93e918e499bdb5fbe3745844b,png
9792828dfce879c0e68156d0751e3767ce3df4833bc513a2fd8b17cdf7c932c0,jpeg
1f035d71877063dd46465ef6b8dab97ba594e69885f89ee487eb6709d7671e43,jpeg
98eebcd457fccbf57d89939b6e789fb495051e2b3788879bb5b52ee001aa07b8,png
0e951ce42b4e30bad1aa4b2c6b627e9da1ebed3e3b13090b693f726ad6fb722e,jpeg
c8f727e577b6fd57009822d4590f748b1fc2be96b3deaf3d044b8be19993a310,jpeg
b254d4acf41619370b8d3a60e4aa029d5f59847a3660e81c0d3bc161d4a51483,png
191e74d7d5c1fc91c83bd611b3b150021b1d1cf13fb09ae51a6fcd7520285fbd,png
b10e14e4ba9d3807783a13fcfd3fba92f6b69834a6f19856bd4b43e804a22e73,png
c5489498850aebb6276e8b2de21572d42e99250617d31fa6c15da20bd97c0308,jpeg
7810a70a77fbba326c2f7d1e63a0cfc8081f3138cb8a4cbc54ea7bf8889680f2,png
b4f5f3e7715101724bd7649a187d6fe52d853e2d790ea14bc99a1111ef0a0b93,jpeg
4df60b9ebdc90d55d68b138eb5fe96779a04081dce2a91f7ac5c367a7c6a8758,jpeg
9e6f35aec4d29f03e30a92b60bc7944c91dd0932162aa677ed8f7d48ef7aa5f1,png
1b3dfb222c2b2e2dbcc1732fa6f2716293d1bb7cffd50426309432b118644a94,png
179308f8d0edc060f68a4d8dbd1d79ed242cfee27ef643b8906c70e1c60e3c7b,jpeg
a58bd15177715baefa040a2bb8ac82dd687e59216511b0d850a65476525861c5,jpeg
b5a6eb894fbfb79a2f90dc555600082fc94bd5554b482e5afb5ed5d6c1011486,jpeg
5b0501080d48a168a0c154fb1484cc4dc337611ffd41b3463c584ac99e677b55,png
7c1114cfb4685b8329447f2fd26807c6c5d542ac53a5d53ab3eaf9cf65cfd075,jpeg
118d72bb4b436d1ae65fae2b91b7b1dd05b3949274f29ddf8bc3fb1ab3862080,jpeg
5fd0531e3f48205a117d76281ff620cb8b5d17b279c12ce6f4c1f1f42f127ec5,png
fdc0badd7be73df1d6aac39aa9162aca0b2acc2c87dd264176741300e35c2376,jpeg
a975331b7eab313ed8cee927cfef6954b497dfe0409f9c7f0cac4fd5a158cc46,jpeg
5323a63b1a1f8acec0353d7974597dc8d1443438b0f1bfcffb4a16be30b550c6,jpeg
e894872c9e1c9c08237936fec50bb2fe405a0cfaf662e3172fd5ab8c0bc47645,jpeg
ec88f40f1eba8b24a161153fabe52e36005f51d2640037a333c3fdf9c61298e2,png
3068fc7f96b71d98e04d62a9fa1c9c2e46ecfd2545e1c6ea6d64099678d00232,jpeg
e049fcd75d83deb1d71717fefd6583d2bae0d594c4f5c280991a219a0401c91a,jpeg
e03ffd2c3936a1ae088363a0b708e3bc025839fc090770acf227f8924ec531b3,jpeg
0825ce35306161440c9842ced5fd18377021ec9e2385f5fd0d0ebdb8abd074c4,png
4be73e0eefec2931305269b46607c38e42de75d6be3c6949e6ad05586406f58c,png
24a12a738656811a88b92b704ed4df0f40b60665a28d30404cd17f65ca3a0e74,png
4d52cc300990bea3bbbc116178850ddc62c953de87ddf5c13973467d800c6c37,jpeg
6d8f3665e98f5fc0bd2f50a3e4e0110762b911b22a17f28f11e060289039d47b,png
db77be47ee738f2744d0aa00db21f882dd6145e9e4a10fea866e9b07176861fc,jpeg
b530d7b3aa929e12089409681cf45c6feb29f8aaad3b9d282c37dfce54de137c,png
d675b559bb2e873b9e799fc7fc1af3442886d82815aa9755c1d24a20242a19d8,png
c5a8553da642627a2f282a7e95f8bfd0e6474074059ce99b1b21d184ec3cb418,png
72dbc89bab09451911250d4ddde4c8211164e8a66a3a569f6e720220eb08b994,jpeg
5e13e8849d300b19b2639e344de6b2486887b5ac8883c010791c31cdad0b25ca,jpeg
340d59aea2313cd1f81057f2c26d9f92c1e3960015c84a74324383c5a61efb0e,png
b789bec38a4ccb1e6988910c3469547e3432d1d29931a8d09cabd1e5cee08869,jpeg
402745ea345ec0e4516bc2a99c736ff401161812ac698fe2f2765c13a7798332,png
0c30f2f8468042db2832fdddf7542370bcf0a0258825bbc9228873736ff0080f,png
3357e5e95d1084bff06e09a21e12ad74a413a2520ed276d9ff4db2597232610a,jpeg
e7276b4650f8e27b468c79f3568b1e170b5c8ecb05b21298c260315916aeae1a,jpeg
d8f298691a0eb3287a4d38658e9c742ec187977bb5b9f33735b92323a73d33f3,jpeg
587278f325be55fa2562e16b6a46ce9b2139322ac2df367c7fc6843e2d0d8b5b,png
69bb9fc1bdca42685c6bd1cfcafa1f6f48269b9fe4573ba9dd2d8316eb6eaf59,jpeg
96daaa6b64a68d605e419d6ecf1404590900bae2050a53162f044f2e3bae42df,png
21446589f15ba06faecffd403b50f65056ced98d0c6395e8a7325d2ae8e542ff,png
6a5e31d29d3426dce753c13094309b5d69d1f1725012cb7e00d40e52e9655a65,png
ff6b0dde2bae5ae6d7cf07183d66f983c074042417837691bad838acad603707,jpeg
f26f6dce62c9288d763d1604d78344b2ddeff9e2333a1954d12bc09094429049,png
39544c3cfbc65e3b582d8139ea7ba0ed1709a167d5b6bc6ffc64727a7eb9a561,jpeg
25b79696269d06a9c7c6c84fa6119338a8fd41dd8828897807668a2c213297b0,png
071cda56aa374f314fccecd170a2be9e4382d00cccd03ee844e6a9ab74f076f3,jpeg
ce36c888dd4b458c2499e11a7fdacba81841eaedf970d8b59e4c968215a69485,jpeg
40f74ded4912c930d8beb577d523c327cf653f3a4a435bd9486ce3dc0e617d32,jpeg
9abd457d467b970c8f59a248ca6b9de7412814ab0bdcfa68b533aef8c026a75d,jpeg
6b54f05018f9a683515f80314ba7ad0f1e91792c390237996cb677faf7584387,jpeg
eedc680b1d127650ef688d26f993a794e32d7b062040792d37e68a868a8fd47b,jpeg
4a84e5d0de6f72690315984fa0e5f3e78075a43a1e00d797f50cd1d55f07bc9e,png
32fde1441dae73d5f4c09cdcf5d309d2ad6e602e75bda1a0a3d02060fd6094da,jpeg
a239d5d0a4aadd7481963a445991932df68e529a6125908f1b006a52bc210517,jpeg
9242fde1b81c8526426505bbdcc7c237980943912c429b45f248a91de79dd4ef,jpeg
36e43bae018926cb71546f5db9d8525efa706ab1e622b771c31a5087c6506321,jpeg
79f4e6779f6bfa3c3301eddf79f4f47adfe4b11c47489351b105f45dee4129a8,png
9cccac65dfcc5b844001e89baca4275612753c2ae623ea054ce8d227136677fc,jpeg
ac6c89194add487f2a7d8879fd2a0e8ef87566ad77a28796daf348efa4823811,jpeg
af8552eabe6b909f44a0618ea35e7d0861c7a32f66e43b9c59a6bc24fca7164b,jpeg
29967d192e827db4b9709be61388ed7f95b190e36383d2509debbc7ef718c02a,jpeg
b94919031904befd0a660a873db133a14cd7512a17e46d84145052772740cba1,png
fd88687960128590714da33355f16e49f4ead9381e7ce81194139582e360dac6,jpeg
5ff25500fdc002ede35a6bd1b65b2f54d8a462f76074aeb1cce23ab43a5c0ea4,jpeg
fd1f74343b3f787b4d004bb30b4752e1cd4dc67799374d554d87ace491180f9e,png
54d052256bd4c4e4e6e8f605fabfa1a8582a9650a061b825ab37261ab2cfcc6b,jpeg
fcfd3f4939bbfe247cf20a82e5a5dd5b4a2eaddd28999234f3562beae2278db2,jpeg
8f7144ec3e991261b7e40ba7e15cbe7513bcb54dd014d8440ca8627d56402be0,png
5db647bc658041c37bec4a3279b4bdfd53bdfc0dd9027f4395c43192f2040aeb,png
0aedf63fd3c4e1ddaf86866c6785266b69f05949b655ce0c56006a13291594dc,jpeg
f7dd1b5b299b433381499b48aa3ec0f6848a698b552f756f889bcb9055b5b7b1,jpeg
ded4cac216d6775efcaa0890191cf9afd2da5c5581b165bfffa0ee29526fc904,jpeg
a6c86758d93493a3af840416046ebe91cb6952f6d486a1d0d3ee9f22c51bcab1,jpeg
70ea0b6792e8474e0e5fdd035d5178b486365d815d005db77f0059ae4acb55ba,png
8ffafeb7fbc1dd10a3ee680210e26e696e991d95ceb03f5bd16945192a0cc70b,jpeg
80da4be59eac446585a63fb9060cf2aaf166b7f8ec7c2b0ad174b0d512e63b85,jpeg
7693d7809d5284c3e271c3e9e404cca0c80e351084bdc850b0bfd9b5b473c8cc,jpeg
340d0efd2fdbea2f61de889a8c94709c44836c99f01e763053e0d6d5eef54c8c,jpeg
d5b920ba9254b44930484bb96f3f7775c3cd6002eb4eb955bf407d5cf7cc1004,jpeg
48a9e60ab1a43d009320394fad0542f703f1d3fdaa5e32dd1e7855da1e685b86,jpeg
cef1a1c2a9055b1cdb09797b3ae42a8fb01f8abc174c6c3c6cb6e9e106ede1f2,png
e1f641e1d8413acf5010b50b09f85f5a472f10dcf2432e3d59aaedf459af9b9e,png
c48192963aa25e842d83b95c1d7996cce095529b0ecbc631e43b31ac915a938b,png
472040bf6af9c9153f3d347bf54efdfbf83e7a4cca600d4a11593bc73d3bdd08,jpeg
893c5694d900beb4f4e09145dbe0b0bda2e7e09f9bb2a6a6b1c046f9d9240e5e,png
8dff822f4208746d1af52a0241f5a8b867a355bec6e94b9c126fc59515b977b5,jpeg
5e3c3edca1c38e2c1ebef6451bbb22b3cc22919d5ba66bb651b32cb7fb24f6ca,jpeg
d7f2e8a47f86ce23900062ac89b0a30be07ca1de918e0f3f9d0024a78578752f,jpeg
1b537e86c3c7d19e75332668c0d6b1964bd81f6d2d23dd38e28170e9adfba4b0,png
96d3e09f5360727c0e5f7f66f5f2ca4e973d1d3da00bd3eb7a9e0b6db1f51f9b,jpeg
10929f6962b3b0530315ec2ed4eccc94af7e8e5ead4191c1800897f9bd993808,jpeg
c3121673abdf57990dd41c9a840e0854cc6a2874f3fd8442b37f452bf596dc3b,jpeg
0d860807698ba4b8b7bae01539c545ec9b7e609b3a22df70be6a3dc35c97b778,png
c8ed4eb396c4df2554797d077eb85b9af5b3399375f3e3af34447ec7a94b097a,jpeg
3c1a9e171dae4bfc7616bda24936d9473c8ba70416ac12a983c6f2a6d7072995,png
aef7da1e98b1c77f526036ad96366dc79bac6662364ddb6e530118bf1cce91c3,jpeg
c39043facbf882434e2740585eff563723c1ce072e3869b50a0d5f5af66fee4a,jpeg
1d0b6cd18ecfa8ece86defbe57c6330924dd61b074a9f55d8d68ebf2b84fdf0c,jpeg
5a30ac41ab88a303deab71cc130ec3183bd710e0877d466d8747ef378f257ce3,jpeg
5126cb5ca5863e9bafa9b860f5bffb13afc7b46373546a63ef130346770ec6a7,jpeg
c58ed81d9fb93f2b9a48ac0fab327fdd2aaabed44c305c681f1635f923818d1f,png
989be48179fd71df67d438781b8a6217bf3c3a164575fbf87faa6d7230bfcd16,jpeg
4e0faa9e62aea494dc46cff43ebfb0c8eb3cd61d75a7414bd583b03ad8b5dd76,jpeg
eab3b258347f7d14e6ec3408878e88e0e296fb6d3dfc9dea165611ddf0c7e5d4,png
7a6944498dc1736fa138b31290bccb1fbf053029ad33a7023a25f45680527325,png
6702858f810f98bbefab3dc42bcbba1f014dec8927759cf02890c5a0296ea7ab,png
58fc2f740add32d90cbff7504bdb5c806a7808e4ffe6357cdbb2485d316643e4,png
5933b040af8b7e02135f85f1defd5534f1947e376f9f83d6e094292c7c05c066,jpeg
55d0a8ca696ae0d82a400b16ae451dfba543e941a5e8d295f9ae9c1c6113caf8,png
5bba2d9158c46aa1de74a50bdaed5b43847daea33ecda747b4f9a14654acac39,png
2274b80313ca823eff67ca0d2bfdb4794b1bbee5e7d9aa7fd650f9dccc6f0032,jpeg
338f8535abbaeab34961d646f29072249a11d7bff9351c4a91f97e573aa3d86d,png
74380e31e377bc4f0380a254effe3d22ccf2db146986c42d45ad48f9e8918804,jpeg
0b25579bd3b53291d524fd23d897533007a5954c780748f833f38e9f18a25f3e,jpeg
6f6f9f76690f23a0fee5d8a1cd127477318e3c8efc92783ab92addacbd71c2ae,png
9e7bec222ea9f85e780661a01741ec8ed2b881ebffbd7013868e7339c245c972,jpeg
d0e9cc011a391d8d9af0f8a38fdb0a64d3bb56edda3dc1c24a3fe0bf8d1dbdcb,jpeg
c54ed92a372954d6ecebbfa26ca252cc9d2b75c19c5b0e3f97e6d3147f3bfdc9,jpeg
a56d9628adbbc92acde197c65378a3ed0d60cb057e483936926a206614ef7d8d,jpeg
126a892d83c8cd78d89d201ebbac5cad4eb8d31037471c3f688fad179026a79b,png
307cceb0150b6c62edfabf9842c9c341d7084ed7dc8925956eed9f061797df6d,jpeg
814056e3c1df56197af0bfb443b405b889055545b1c5c0e6b944d633314cd80e,jpeg
3e7a98ac68a839b90d0e3195a2cf9015de7d30133c3a2791c0f8b22430fe2bdb,png
62799e13c74964fe84f4a8da268877257527a8c117741bc09642ffc9fed11726,jpeg
808cc540cdbbe1a5c8cd2d572ecfe527b8a3047584a285f202a5a6fff6d99684,jpeg
47508081a31b5c82651bf045781dcd1be1051574f9473f8e715e3a3a42732505,jpeg
65f30deb96ce371cc6cd6d280033bca542aa5917aa176b84f4a4554c575c1f87,png
9dbc20e60e82b3a5481eb7c445a2e1d4207ad6b1e90f1b18d0075823eafa2f2b,png
33e0262505e3ecac785fecf42733778a37275ad31db34ddbac95813cc0272cf0,jpeg
cf8dbb1cf9657fb1dfadf461d0dc754629b2584fbb9acb0338e071a031941b53,jpeg
47e0d21cd9e7d06fb03dbe84044add305b4bea05d5016cf9a199a71e8f0e672d,jpeg
318b83c2e165145d3de4d01f99532db51d96a619820b8afe2c95c11d81bb5bc1,png
d4a0e225ae09ca8175a46cdbec7a7221bd2f53f4ba2d5cdd00d4bb79aa61ecb3,jpeg
aa0a73c106d05f6d6422052563148c0c7866885c5da18f2e44ffbc48b0ea0624,png
eeaf48c7764da80adf1a3d9e5025dd6077bbcc4643f4555841536d0357a2c559,png
2ce57732bc13e25efda43053827fc8174f4c6f8c2feb786e197952b67921269c,jpeg
f5154af5b6bea0590c3034ff525fa04c71cc7078ced51841ea457e12cd41b7f9,jpeg
bcaf7f4e6b837010441a4d755f72512e5e42af45340b3487950e0885c512fd8e,jpeg
e837b6828be820333612f75eeb6222ad21011f5c2f55fd58892eda09ca09cfa7,png
06f0f24f8b4e6a9ef30d0417e96563c27efb328f00ab07a5b127e480d8fb2a49,jpeg
b261a3c0bee84b67d330bda87b0857a263033d25b73e5b53ba38a2db84bf21f2,jpeg
a1b81f9afee8dba4646b47674141312e46268e8e0414fd85788e059274249a65,jpeg
1501be6819f95b97bfdc063dbd6f69aae2b3df4aed7d14a7abc1ad737c477e0b,png
e1f9a899d206d645d26ddf1899ff244537646cac15fd49a3098de8442885aecc,jpeg
78ce9c4c45bdfc380bf2af1ef7865f964c2fe5fdea7d07e40eb039a17719c4eb,png
788237d2a2f79d4879bcf45ad4e56932ca3c7952008175cfcf3ff0bfe092a5e9,jpeg
e394e91830fd77eefe1f36faf5eec6d344782668146294e50aa5e173615c0122,jpeg
8fe5a49fb8d9e6e835fc47181caaadbc467124b6b6c9d6d84b7af26dea9bbb00,jpeg
381789f743aeb0dc5b2d0858463c159534888665bb6ce276fcd9c3e1dce9f07b,png
48f32cf5ab8222a7a4d9447687c84deb93ca0f837577fe9b4dd31e2b4a3f8a11,png
ba779f226dcc56a32f663c69eded6526360d78359d6af65376e21679fa2d602c,png
5e5425cf8b3a87f52aa9e2f5298a73a1b8f7445afc3e2d17f2e903d9a8fa0bc6,png
2db348f15dd4f81c8113de2e0bacc244c2d16532fdad9cf2aa308cc2e328e290,png
0c5a56668f355a16f0b136d021ee50be7751f529db265b73c8514a56ca939fc6,jpeg
4155b959e7c732e8e4407d245b0fc30483be1f43461a8468d4ae12136726fd5e,jpeg
e6c705f02b46c5fa0891fd89be6bb9d4cf7f0361a666a52f557ae6fa2d5e21db,jpeg
fdd7d3b4f733d268b2a163a8a9fd6bcf7d7ea83293026df5a49982ad1a8f24ea,jpeg
ac6090c17125100db217bc53aea599b4bac4a5517bd9b3c6fad471d934ca2128,png
c1c4b54ce4634cfb1139a12ee23a24614d08a1b3b7128c4265bef11ed7ef828a,jpeg
7980303e0219ca1273ba7b0e8d7cd3968b9ac05085c878e22b1dc7cf8bed7a0a,png
416091a5df627ddefde065e53f87641d7d6688ab66de36c48a16078debc71f3b,png
1c15a7c016f467ec16f9e23324974a9ff48f4cb23f832bdaa75b96d9fbe0e047,jpeg
616c5c07929cd3e50edec37e9cbdc25d55e8c560109e81a6a9d2fcb448d89fcc,jpeg
69320c605e1a79540b24e58b826e858c8364fd22e398e185257af70ff99f6595,jpeg
0ca3852a08a18f0235b3534878fc222de7d09478b94a925fe5a19c1d5e24236d,png
ff073a8d8fb0fc0445c39c8cf2bd2b19175d7827ca86f12600e76372e9ffca6b,png
1ce6f479ad5567b93e68740531ffd444caa51f9553c1ad66593511e22d93d8e4,jpeg
c0eb9c8b49a51561e4b4e867eaa17cef18ab24115d2637b2e9b4a99bb05a989b,png
ad8874da64720a8b65b00f7cdea2ad84ce14ae88da8328651d9b18293e365dc6,jpeg
392d7b7f458b1b16351991f2bf167349a0c276b7c1ef2e51d00054b20fced983,jpeg
1ecaa272efbcedeb427d56a2e5c3c517816f05c7c4a2b1d8913417e58845e237,jpeg
ef8abf6db3fac8064b92e3fe164ec286f8bef2d950328c25d8e7c77cf3462cd8,png
338f8535abbaeab34961d646f29072249a11d7bff9351c4a91f97e573aa3d86d,png
c73fa8233ddb3723ef297051b497608b63d94f0fc8ae5a37d81eedd36fcb2db2,jpeg
7d712f2166a0a191eff762890db22d3945259fa162fed5b58ae698c854d154ff,jpeg
db4c45f212f7a0a7c1c86dbf1b5f68f6b70e2861778564ad7c898b24906cf6e9,jpeg
13978acd56c27cc506a95636116b3c7d88d930ed9953978f5a757ac39d03203f,jpeg
6f33abbfd6a4f84b59c9f5eb7d13f06282edac6236242da2368715a858a7f28e,jpeg
6599a86dfdeafc707498d45b24240bfe3970076297a4c4d08c6873a88d928694,jpeg
414a7b7fb739b6c8b910a71fc9de1b3f2bdb1ad42640d3144700e287251eca41,jpeg
941a5f0bab81982360e5973c945f5d73b0fa5badb03de396862c11f71c983d28,png
d192963e098b66adc828f07c6627d06746a4e1e0ef9f8a496ea65586cff44925,jpeg
de90a9215a21c80d2ee20ec2389b13d1c7fe966f28e2555c7436a886f094f955,png
a5025743548f42c12cea516fa8a160e111d0f212e7e894696825a62107ac5a21,jpeg
5814ab60961395c16348b43417e80b0b63615965cfccff15cfda6ddb249c26b7,png
4924afdf759c590b6235c91cf646edf8279a1a492bdbe31f9139b46a9d356685,jpeg
38868d5420e8eb74cb7898fa7b6ee3a23103ba6294f49577c73b8942c232b09a,jpeg
ea19373655784826fff630d314a68def71e2486eccd3ef9f5fad20ed5137bd03,jpeg
d0a9a8035e3d233aa2fb80e619f81d9f92e0a3f4d40630ba29ee3402a8dc3f57,png
d8f2594d26dc82a348f5d18381230537f25403803bbb79308b5704b9a2e00a1e,jpeg
abda061c7f3f6234c092d1014764f5746d6a05c4359ea8b35ae67b718d3701a5,jpeg
36c84f38d5b0efc99be2ea67dbb08e82034ee7f95779a46624924d4ff708f4d5,jpeg
93c772ddb9c67063ef7282df55255ae6e5c58089914326b73d3d4d82ef03369d,jpeg
1f6bebd1a318020d908a9b1d2a4c614e2df2d473fb7002afecb6d1a8435c412f,jpeg
4f5ca03a073bd4f93556fc3202a2ce4205111249785b14774698ef7f089515c4,png
c8784d8ddea1e89f518380fcd721d4e6a563d5013b5884f9aba3fc3579b40b0e,jpeg
496a5a767f695ee11de78af4a30fd4a3490ac561263055a7eafd11054bd8231b,jpeg
0ea059dca0ec69005fc2c374a31d21b852e76b46cdbe611f1556fd0da17f23c5,jpeg
272c33e786dc4ae6e22ffb2dba45a7b4875bcad719f6690d761101544a355a66,png
b16c4fda2a0883b704466d1eaa144b2c7a63a6dffac98e6cc6e2179f0f53ad4d,jpeg
02204df5bdccfab198554c0d1e72b82feabde3d8ee46dd7947b22fc4ee01923d,png
44ae3e8d065e4809b02644f162f4272fb0b64b9d2ede5a2a15139eb54204e601,png
6115029d7b85d0536e6bb68101e6b105588f1c107a71cf1371ab96a7d1920df3,jpeg
e6793f932a22696f3dd095f88d3f0a8de7494dc2e7ca6aa787ad0c21ef1a0776,jpeg
99ab1958d60fc7d80af57c380f899e3ec2cfcfa7786040b1370dd67b6e47abca,jpeg
be2771c45b6804231779fecf8a88290142903985a9d70bfbf80ea2389c8de1d2,png
1bba2cce0feec48842bcecdcd1682f238fad2105a7658f9f7d7651643a57d5f0,jpeg
0003d32ad7b9253497814820aceba4629fb11f717981c71d99f31f30a3668ba5,jpeg
1383f4088d979d7323855b8463f07b11ffe6fd271acb791a9731eee65a57e0a7,png
1312ef746b694ccfbb4ed1e3450b822bd272dc2aebe58b39b4a8c10e12d48270,png
256c3862f305b8155692c06b0800df04908657d8eb9324d0eb106bc9289e3529,png
81302d11ccb4d5434e20d795a2c316d7acf3900b4413a45bba99c8ef7cc51843,jpeg
7bf101cc054b2d4858f57288306a919a485f6fa17dc19d6971c20bbb94aa5e95,png
d92f2e7a73db57f1da9e3cafd0657380b8f6806d3361c28adfeca9a29055efd7,png
822395c001e9a68598238be8886b134eca1b49472f1a72f230d8ac37725ab88d,png
4eb348287183a4496488c7e9c3c2376e58edf4bc3c23b52a3ebfea686b4c9c43,png
d37941599f342dc22019c9ba566d88331ce5ae5f391edee2f484aaa82df886e3,jpeg
33c6a17ca0fc1db6d1f9175d185b45c5206d08608d1a34be8ddd95de58d3e2f6,jpeg
4fd8f044b53336524ff6e28ce7694d3657162a0c3c60a2027d1e1d2b5aa95a7b,jpeg
23c8eb82945d94a5c82feff8f4d83172aa4207f281ae5645d27add609ebce06f,jpeg
49e1345e59ae5022bd70465ab6b52ce2381db13f2013ac2797288fcd57cf1012,jpeg
08d5f0e49825430665fd1f95a9589ce98242897534cca95d5a5975476f18f299,png
8536d0a30915448b1f1e6299b87f28b07356c447dc3135f2d02f02cd9aa77cf7,png
1987500207f143fc1ae128d12e2173380f7b29acadbc23d49a19bc22900b83ae,png
6a9993191d0381cc72776fd22aabdc0146aa99c915f89fbf54bda01e554f522b,jpeg
981b976105d17c6a759c556648627baf25e1d0b26c9c527fc64b82dc9cf0a7f9,jpeg
80d99d490602ab52486745044e5df80f19a638f10810bf2fb16130705ef098cb,png
516525906b99ab8a243ff75a76194b701e02212b96bfae3d416e99df19bb824e,jpeg
dd1468ef08a19f99f1d927f7de5a596ae7e404e733dfb4949bf396f3ce1f2ef3,jpeg
b097017bf7139a40732b03909f291259058cf3f74597cd0a1c8ca03b150a0aa5,png
4c141f2d13323ff2aa4d143971d38225d8ec43c7ef82862c58d4507a4160c111,png
53b7d74a1c79820f093b2b9a03b6fe491bf06c40b6e93f2d4644ab3fa9f51673,jpeg
bb4d22404f1456fe3b22fca9a890060b92b46da4f6bb4c7be151fc0a624140c8,png
44b477797b82cf2d9b77faa468c046653b71b76054e369d6454426075644a373,png
8077cb9f6620b239b0605fd05ae1df12ca6149e848a7c524d8b6640770c2c8e9,jpeg
b74aea9bfa55567f592a285c174316e5fe921efcbed956fd144ae096dc86daf1,jpeg
29f4c03789c9c4f5a2bd5f6a4212f1c7f9f05d398212b07af010286aa09a3232,png
e4d92a4c11632d63415bf6251a9c1bf5cc9ba05916cf837fe2337fc756b65d02,jpeg
4a592487b2c48bc314abce0f4a40844b01e1775c169d9d234cfe2c8478b49329,jpeg
47abf362ec0c4b1f11c21221804ce07e9d1b39036b794d505fdfe28e11bb2cf3,jpeg
63841adac41a2c729b2dd612f40d62f52a488d2c7139438eda2d10ed50f161db,jpeg
dcdbbb3eba80cee77cd36430c2d0e01819cc721c561d0da328234eec9ac6dacd,jpeg
a33cdf88de6987f071979bd0917c4930a9f33917b093983e9d2e05a8f0580175,png
afd9eb939667dd1af18085e804d8e41abd5f69b13f66f74f857835db3dab977d,png
a33d82dec07b9e8d4954ee39b556b1388ef40173e99491c43eea34452790c693,jpeg
6d5b38b0cf650aae25ed4844964d89f71f2ebbad68158e64caf802afaa8cdbe4,jpeg
737f46b09fe09322ba5e3b76794952f49d07c78947773a6e9d24296e66f15ab6,jpeg
8a0de7cbbe2e2cf82adf12b428aa933b558ff239cdccc624d60e3409221d8302,jpeg
c5b55fc35a776e84c225e4a4d96d9238927e41c309d9e11c6d477c3c7774493a,png
6a1f04dd5a035b29f7a53771069e1437c35c881dea20d1e44c98cc558932b9b0,png
81cbf3afcfb4a5188764d3c23c3f2091ad95173cd14a9ab4fe4046995e081bf7,jpeg
98ca07ce02a826efa0e555da37e1de5546682e623a6500c3b671164deff1e320,png
0471b60653ddc874e001337508c25d85a77f53583621971776bcf2eae561fc07,jpeg
29d6cefd008d83478fb8e10062940a8f358766490cff4c41c1c4f7098d5e2ead,png
3990503cd016f23b1177de6b2811a550defe662694402a92c8bf2704469f34e9,png
ecf3d2ae22433fbe57f01d638aa112e6afb5f2a5c152b06a5a86ad1c4a9669c8,jpeg
6f8b7e6e94108e0b9d20223ad2c7e638a4d34a58ad77718ad2c6ec36fd62149f,jpeg
bc60e09b51969865d79d0ee42f2ef570c821ada73d28bf3c4a692f2990b1ab28,jpeg
389f2c4044d23fdb887a7e39eb3ff84f270155494ccb555baa2de2a427a5641e,jpeg
d8c0699fe48555adc12163e365af45f0b23fa8c6f4109dac31d8588b7b882f20,jpeg
31523b2a73cd63c8c4369dd270227b4f8ef3a0ea01e044fd8159af02284f0004,jpeg
020b60e3094a72c30c22d456f1f12521d5c787e36ad6c6721ea9ac834ac038b7,png
0ead62605db31d216540cbc484d9c67cfe93e15b4d0617ad9e1e5bc713c006eb,jpeg
0f63c4557bb8f56d6e00c876196c3491ededd2e65379296b172254982f3f83e1,png
3764d7cc2722e1d60602ac279bec8aaa273e2dbdcc303b29441cadcc6568ad9f,jpeg
e43c6b289744e961001d7ba347f6516680e64749e558f172f34d74ee678d3c4b,png
1a3a2d4571fd22aafc9d4c3f882aabcd8cc3129aa307020d1c5aaff29f3c27ff,png
5fe88f8f37319e84f21b432787264a3bc65b7bc5bc384ebceb5e7609f189da4d,png
1c5f374abdb97373594b48a4eab8b94f8aa6f10ff3f9e7a63a39a724164ccdbe,jpeg
20ce6775f7ca0055bdf3616195f098eb825aba43cebdd68c6b1036df144f24ac,jpeg
c93defac6dc44a7117a45bb29b01195853c7bee7e8bd682793caea9226336722,jpeg
4ff99f05357b96725cd560a701f650796020c26f5d1d40f8a2ac936684b31bb1,png
0410b7ae53030827d626fcdb61515bd590921dbe368a9791abe03576ae9869cb,png
43f683581fe9696e60d22e32eed251d3bb8f067ddc6ecfa7128af3be6c1ecac3,jpeg
96c56920e53df7c5b873abde9b67ed7efff093514b80f62a3a3b2db0357daafc,png
094e05ed44e7cea46a9d1c20064a5b317821b531afc5e53011f2fb838d7f0e54,png
dcdbbb3eba80cee77cd36430c2d0e01819cc721c561d0da328234eec9ac6dacd,jpeg
9669f22de4db0ccdcdc0a85fa94aede1e1070a9c6636e4455043dbba790be0fd,png
31692b9d167595de5859fbecf8ac55199e1c7cd42e2e1a43c03afe039ebc7629,jpeg
4e9f9b783c0c54acc1bc53f60f2f7d9a67e0b992cdf9cf66f106564e958d5253,jpeg
ea33269973f38c76daf9b4473403293be1babcd2e847b9fee8d6bf04023c81c7,jpeg
a53fdd7de1288a8ffd6034ef014715786a105ff2a07df45712587893ca869b57,png
13978acd56c27cc506a95636116b3c7d88d930ed9953978f5a757ac39d03203f,jpeg
aac1e3fdafc9eae49f5e697076cd77711c560fbd7c5acc325889febf95bd0085,jpeg
6ae0a0205f4c73317ee5bde4556d7df3c5ec8b40cadc9e5f96b7ad22bd8830a5,png
f6adb7170c8c30c02f5c9a540c4e014ffc4ed7baf8b46e0d92bc66b7d2649a0e,png
14dd15d76a595f85843be6315e0024f0f28205d46c190c956c54ccbd4a8246a0,png
dd28981d4807cae59c0555789439175115d6fe82181bb67ebde20f6783ef2b23,jpeg
45b114c9624a6aa51724276da6aaea2c2f61a141bb273e41c51822c9f27dd112,jpeg
8cab3027a5fca27183377f40096647e206f0bf20797a5a1aaba13341122a92ef,jpeg
949eaa74ced35358899990476d3a3f0537d217833f5dbe7525e9db53bea57eb0,png
18677ef23a3d596b2b42d2a5c3c2f220c910c640d6836a9e29a1cce152c59e0c,png
578ac7e0afe851c9d46700c9c891467b1019ea8e8c251bf81e11de0d951c199d,png
344a8130ef053e9bf9e54610d0872e95c535e4b0daffbd6a9671f13b3abef343,jpeg
cb373b7f1d9d62c98703a1600de3d62212ed84bcbf5ca482cb9ea31387a60c6f,jpeg
60e2ae139ff80a46b6cafbbcf4ef210f69d7db2acfe8111a242fc8b01fa43703,jpeg
8a173b13964674b7836e03300baf1ee0792b11d78d61225577eb5547f7d71da3,jpeg
11182eb49976cb66339903a6ef9ecd7144661a8ef296fc05af8552ca97e339c1,jpeg
306bfdd4b85b6ccd6133677735cd3e08ed0a6579f670430756650f26ffb3c02f,png
17d2acb241a3d14831113bedc7a9324c413b99219a67be95392acf61025d0d5b,jpeg